<?xml version="1.0" encoding="UTF-8"?>
<project-private xmlns="http://www.netbeans.org/ns/project-private/1">
    <editor-bookmarks xmlns="http://www.netbeans.org/ns/editor-bookmarks/2" lastBookmarkId="0"/>
    <open-files xmlns="http://www.netbeans.org/ns/projectui-open-files/2">
        <group>
            <file>file:/C:/Users/HP/OneDrive/Documents/NetBeansProjects/project_CS/src/project_cs/mainPage.java</file>
            <file>file:/C:/Users/HP/OneDrive/Documents/NetBeansProjects/project_CS/src/project_cs/playfairEncrypt.java</file>
            <file>file:/C:/Users/HP/OneDrive/Documents/NetBeansProjects/project_CS/src/project_cs/Affine.java</file>
            <file>file:/C:/Users/HP/OneDrive/Documents/NetBeansProjects/project_CS/src/project_cs/project_C.java</file>
            <file>file:/C:/Users/HP/OneDrive/Documents/NetBeansProjects/project_CS/src/project_cs/first_pro.java</file>
            <file>file:/C:/Users/HP/OneDrive/Documents/NetBeansProjects/project_CS/src/project_cs/Project_CS.java</file>
            <file>file:/C:/Users/HP/OneDrive/Documents/NetBeansProjects/project_CS/src/project_cs/plainfairDecrypt.java</file>
        </group>
    </open-files>
</project-private>
